ID,Email,Skills
1000,1000@gmail.com,Python SQL Machine Learning
1001,1001@gmail.com,React Node.js MongoDB
1002,1002@gmail.com,C C++ Embedded Systems
1003,1003@gmail.com,React Node.js MongoDB
1004,1004@gmail.com,Python SQL Machine Learning
1005,1005@gmail.com,Java Spring Boot
1006,1006@gmail.com,Java Spring Boot
1007,1007@gmail.com,React Node.js MongoDB
1008,1008@gmail.com,Java Microservices
1009,1009@gmail.com,Python Deep Learning AI
1010,1010@gmail.com,Python SQL Machine Learning
1011,1011@gmail.com,HTML CSS JavaScript
1012,1012@gmail.com,SQL Excel Power BI
1013,1013@gmail.com,Python Data Analysis Pandas
1014,1014@gmail.com,Java Microservices
1015,1015@gmail.com,Java Microservices
1016,1016@gmail.com,React Node.js MongoDB
1017,1017@gmail.com,Python SQL Machine Learning
1018,1018@gmail.com,Java Microservices
1019,1019@gmail.com,SQL Excel Power BI
1020,1020@gmail.com,SQL Excel Power BI
1021,1021@gmail.com,Python Data Visualization
1022,1022@gmail.com,Python Data Visualization
1023,1023@gmail.com,Python Deep Learning AI
1024,1024@gmail.com,Python SQL Machine Learning
1025,1025@gmail.com,Python Deep Learning AI
1026,1026@gmail.com,Python Data Analysis Pandas
1027,1027@gmail.com,Java Microservices
1028,1028@gmail.com,Java Microservices
1029,1029@gmail.com,SQL Excel Power BI
1030,1030@gmail.com,Java Microservices
1031,1031@gmail.com,SQL Excel Power BI
1032,1032@gmail.com,Python Deep Learning AI
1033,1033@gmail.com,Python Data Analysis Pandas
1034,1034@gmail.com,SQL Excel Power BI
1035,1035@gmail.com,React Node.js MongoDB
1036,1036@gmail.com,Java Microservices
1037,1037@gmail.com,Java Spring Boot
1038,1038@gmail.com,Python Data Visualization
1039,1039@gmail.com,SQL Excel Power BI
1040,1040@gmail.com,Java Microservices
1041,1041@gmail.com,React Node.js MongoDB
1042,1042@gmail.com,Python Deep Learning AI
1043,1043@gmail.com,Python Deep Learning AI
1044,1044@gmail.com,SQL Excel Power BI
1045,1045@gmail.com,SQL Excel Power BI
1046,1046@gmail.com,Java Microservices
1047,1047@gmail.com,SQL Excel Power BI
1048,1048@gmail.com,HTML CSS JavaScript
1049,1049@gmail.com,HTML CSS JavaScript
1050,1050@gmail.com,HTML CSS JavaScript
1051,1051@gmail.com,HTML CSS JavaScript
1052,1052@gmail.com,Python Data Analysis Pandas
1053,1053@gmail.com,HTML CSS JavaScript
1054,1054@gmail.com,C C++ Embedded Systems
1055,1055@gmail.com,SQL Excel Power BI
1056,1056@gmail.com,Python SQL Machine Learning
1057,1057@gmail.com,Java Spring Boot
1058,1058@gmail.com,React Node.js MongoDB
1059,1059@gmail.com,Java Microservices
1060,1060@gmail.com,SQL Excel Power BI
1061,1061@gmail.com,Python Data Analysis Pandas
1062,1062@gmail.com,React Node.js MongoDB
1063,1063@gmail.com,HTML CSS JavaScript
1064,1064@gmail.com,HTML CSS JavaScript
1065,1065@gmail.com,HTML CSS JavaScript
1066,1066@gmail.com,Python Data Analysis Pandas
1067,1067@gmail.com,SQL Excel Power BI
1068,1068@gmail.com,Python SQL Machine Learning
1069,1069@gmail.com,Java Spring Boot
1070,1070@gmail.com,React Node.js MongoDB
1071,1071@gmail.com,Python Data Visualization
1072,1072@gmail.com,Python Data Visualization
1073,1073@gmail.com,Java Microservices
1074,1074@gmail.com,React Node.js MongoDB
1075,1075@gmail.com,Python SQL Machine Learning
1076,1076@gmail.com,Python Data Analysis Pandas
1077,1077@gmail.com,Python Data Visualization
1078,1078@gmail.com,Python SQL Machine Learning
1079,1079@gmail.com,React Node.js MongoDB
1080,1080@gmail.com,Java Spring Boot
1081,1081@gmail.com,Python Data Visualization
1082,1082@gmail.com,SQL Excel Power BI
1083,1083@gmail.com,Python Data Analysis Pandas
1084,1084@gmail.com,Java Microservices
1085,1085@gmail.com,HTML CSS JavaScript
1086,1086@gmail.com,SQL Excel Power BI
1087,1087@gmail.com,C C++ Embedded Systems
1088,1088@gmail.com,Python Data Visualization
1089,1089@gmail.com,React Node.js MongoDB
1090,1090@gmail.com,Java Microservices
1091,1091@gmail.com,Python Data Analysis Pandas
1092,1092@gmail.com,Python Deep Learning AI
1093,1093@gmail.com,Java Microservices
1094,1094@gmail.com,React Node.js MongoDB
1095,1095@gmail.com,Java Microservices
1096,1096@gmail.com,C C++ Embedded Systems
1097,1097@gmail.com,Java Spring Boot
1098,1098@gmail.com,SQL Excel Power BI
1099,1099@gmail.com,Python Deep Learning AI
1100,1100@gmail.com,SQL Excel Power BI
1101,1101@gmail.com,Java Spring Boot
1102,1102@gmail.com,C C++ Embedded Systems
1103,1103@gmail.com,Python Deep Learning AI
1104,1104@gmail.com,React Node.js MongoDB
1105,1105@gmail.com,Java Spring Boot
1106,1106@gmail.com,React Node.js MongoDB
1107,1107@gmail.com,C C++ Embedded Systems
1108,1108@gmail.com,Python Data Visualization
1109,1109@gmail.com,Python SQL Machine Learning
1110,1110@gmail.com,HTML CSS JavaScript
1111,1111@gmail.com,C C++ Embedded Systems
1112,1112@gmail.com,Python SQL Machine Learning
1113,1113@gmail.com,React Node.js MongoDB
1114,1114@gmail.com,Python Data Visualization
1115,1115@gmail.com,HTML CSS JavaScript
1116,1116@gmail.com,Java Microservices
1117,1117@gmail.com,SQL Excel Power BI
1118,1118@gmail.com,Python Data Analysis Pandas
1119,1119@gmail.com,Java Spring Boot
1120,1120@gmail.com,SQL Excel Power BI
1121,1121@gmail.com,React Node.js MongoDB
1122,1122@gmail.com,React Node.js MongoDB
1123,1123@gmail.com,HTML CSS JavaScript
1124,1124@gmail.com,SQL Excel Power BI
1125,1125@gmail.com,HTML CSS JavaScript
1126,1126@gmail.com,Python SQL Machine Learning
1127,1127@gmail.com,C C++ Embedded Systems
1128,1128@gmail.com,React Node.js MongoDB
1129,1129@gmail.com,React Node.js MongoDB
1130,1130@gmail.com,Java Spring Boot
1131,1131@gmail.com,Python Data Analysis Pandas
1132,1132@gmail.com,Python SQL Machine Learning
1133,1133@gmail.com,HTML CSS JavaScript
1134,1134@gmail.com,Python Data Visualization
1135,1135@gmail.com,C C++ Embedded Systems
1136,1136@gmail.com,React Node.js MongoDB
1137,1137@gmail.com,Python Data Analysis Pandas
1138,1138@gmail.com,HTML CSS JavaScript
1139,1139@gmail.com,C C++ Embedded Systems
1140,1140@gmail.com,Java Spring Boot
1141,1141@gmail.com,Python Deep Learning AI
1142,1142@gmail.com,Python SQL Machine Learning
1143,1143@gmail.com,Python Deep Learning AI
1144,1144@gmail.com,Python Deep Learning AI
1145,1145@gmail.com,Java Microservices
1146,1146@gmail.com,Java Spring Boot
1147,1147@gmail.com,SQL Excel Power BI
1148,1148@gmail.com,React Node.js MongoDB
1149,1149@gmail.com,HTML CSS JavaScript
1150,1150@gmail.com,Python SQL Machine Learning
1151,1151@gmail.com,Python SQL Machine Learning
1152,1152@gmail.com,SQL Excel Power BI
1153,1153@gmail.com,Python SQL Machine Learning
1154,1154@gmail.com,HTML CSS JavaScript
1155,1155@gmail.com,Python Data Visualization
1156,1156@gmail.com,Python SQL Machine Learning
1157,1157@gmail.com,Java Microservices
1158,1158@gmail.com,Python Data Visualization
1159,1159@gmail.com,C C++ Embedded Systems
1160,1160@gmail.com,Java Microservices
1161,1161@gmail.com,Python Deep Learning AI
1162,1162@gmail.com,C C++ Embedded Systems
1163,1163@gmail.com,SQL Excel Power BI
1164,1164@gmail.com,Java Spring Boot
1165,1165@gmail.com,Python Deep Learning AI
1166,1166@gmail.com,Python Data Visualization
1167,1167@gmail.com,Python Data Visualization
1168,1168@gmail.com,Python SQL Machine Learning
1169,1169@gmail.com,Python Deep Learning AI
1170,1170@gmail.com,Python Data Visualization
1171,1171@gmail.com,Python Data Visualization
1172,1172@gmail.com,HTML CSS JavaScript
1173,1173@gmail.com,Python SQL Machine Learning
1174,1174@gmail.com,React Node.js MongoDB
1175,1175@gmail.com,Java Spring Boot
1176,1176@gmail.com,Python Data Visualization
1177,1177@gmail.com,SQL Excel Power BI
1178,1178@gmail.com,Python SQL Machine Learning
1179,1179@gmail.com,HTML CSS JavaScript
1180,1180@gmail.com,Python Deep Learning AI
1181,1181@gmail.com,HTML CSS JavaScript
1182,1182@gmail.com,React Node.js MongoDB
1183,1183@gmail.com,Python Data Visualization
1184,1184@gmail.com,Java Spring Boot
1185,1185@gmail.com,C C++ Embedded Systems
1186,1186@gmail.com,C C++ Embedded Systems
1187,1187@gmail.com,Python Data Visualization
1188,1188@gmail.com,Python SQL Machine Learning
1189,1189@gmail.com,SQL Excel Power BI
1190,1190@gmail.com,React Node.js MongoDB
1191,1191@gmail.com,C C++ Embedded Systems
1192,1192@gmail.com,SQL Excel Power BI
1193,1193@gmail.com,Java Spring Boot
1194,1194@gmail.com,React Node.js MongoDB
1195,1195@gmail.com,Python SQL Machine Learning
1196,1196@gmail.com,Python Data Visualization
1197,1197@gmail.com,SQL Excel Power BI
1198,1198@gmail.com,Java Spring Boot
1199,1199@gmail.com,HTML CSS JavaScript
1200,1200@gmail.com,C C++ Embedded Systems
1201,1201@gmail.com,Python Deep Learning AI
1202,1202@gmail.com,React Node.js MongoDB
1203,1203@gmail.com,Python Data Analysis Pandas
1204,1204@gmail.com,Java Spring Boot
1205,1205@gmail.com,SQL Excel Power BI
1206,1206@gmail.com,HTML CSS JavaScript
1207,1207@gmail.com,Python Data Visualization
1208,1208@gmail.com,Python SQL Machine Learning
1209,1209@gmail.com,Java Spring Boot
1210,1210@gmail.com,React Node.js MongoDB
1211,1211@gmail.com,Java Spring Boot
1212,1212@gmail.com,SQL Excel Power BI
1213,1213@gmail.com,Python SQL Machine Learning
1214,1214@gmail.com,Python Deep Learning AI
1215,1215@gmail.com,C C++ Embedded Systems
1216,1216@gmail.com,Python Data Analysis Pandas
1217,1217@gmail.com,Python Data Analysis Pandas
1218,1218@gmail.com,Python SQL Machine Learning
1219,1219@gmail.com,Python Deep Learning AI
1220,1220@gmail.com,HTML CSS JavaScript
1221,1221@gmail.com,Python Data Analysis Pandas
1222,1222@gmail.com,Java Spring Boot
1223,1223@gmail.com,Python Data Visualization
1224,1224@gmail.com,C C++ Embedded Systems
1225,1225@gmail.com,HTML CSS JavaScript
1226,1226@gmail.com,Python Deep Learning AI
1227,1227@gmail.com,Python Deep Learning AI
1228,1228@gmail.com,Python SQL Machine Learning
1229,1229@gmail.com,Java Microservices
1230,1230@gmail.com,Java Microservices
1231,1231@gmail.com,Java Spring Boot
1232,1232@gmail.com,React Node.js MongoDB
1233,1233@gmail.com,Python SQL Machine Learning
1234,1234@gmail.com,Java Spring Boot
1235,1235@gmail.com,HTML CSS JavaScript
1236,1236@gmail.com,Python Deep Learning AI
1237,1237@gmail.com,Java Spring Boot
1238,1238@gmail.com,HTML CSS JavaScript
1239,1239@gmail.com,C C++ Embedded Systems
1240,1240@gmail.com,C C++ Embedded Systems
1241,1241@gmail.com,SQL Excel Power BI
1242,1242@gmail.com,Python Deep Learning AI
1243,1243@gmail.com,Java Spring Boot
1244,1244@gmail.com,Java Microservices
1245,1245@gmail.com,Python Data Analysis Pandas
1246,1246@gmail.com,Java Spring Boot
1247,1247@gmail.com,C C++ Embedded Systems
1248,1248@gmail.com,React Node.js MongoDB
1249,1249@gmail.com,Python SQL Machine Learning
1250,1250@gmail.com,Python Deep Learning AI
1251,1251@gmail.com,HTML CSS JavaScript
1252,1252@gmail.com,React Node.js MongoDB
1253,1253@gmail.com,Python Data Visualization
1254,1254@gmail.com,SQL Excel Power BI
1255,1255@gmail.com,HTML CSS JavaScript
1256,1256@gmail.com,Python Deep Learning AI
1257,1257@gmail.com,React Node.js MongoDB
1258,1258@gmail.com,Python Data Analysis Pandas
1259,1259@gmail.com,Python Deep Learning AI
1260,1260@gmail.com,Java Microservices
1261,1261@gmail.com,Java Spring Boot
1262,1262@gmail.com,Python Data Visualization
1263,1263@gmail.com,Java Spring Boot
1264,1264@gmail.com,Python SQL Machine Learning
1265,1265@gmail.com,Java Microservices
1266,1266@gmail.com,Java Spring Boot
1267,1267@gmail.com,Python Deep Learning AI
1268,1268@gmail.com,Java Microservices
1269,1269@gmail.com,Python Deep Learning AI
1270,1270@gmail.com,Python SQL Machine Learning
1271,1271@gmail.com,Python Data Visualization
1272,1272@gmail.com,React Node.js MongoDB
1273,1273@gmail.com,C C++ Embedded Systems
1274,1274@gmail.com,Java Microservices
1275,1275@gmail.com,HTML CSS JavaScript
1276,1276@gmail.com,C C++ Embedded Systems
1277,1277@gmail.com,Python Data Analysis Pandas
1278,1278@gmail.com,HTML CSS JavaScript
1279,1279@gmail.com,Python Data Visualization
1280,1280@gmail.com,React Node.js MongoDB
1281,1281@gmail.com,Python Data Analysis Pandas
1282,1282@gmail.com,Python SQL Machine Learning
1283,1283@gmail.com,Java Microservices
1284,1284@gmail.com,Python Data Visualization
1285,1285@gmail.com,Java Spring Boot
1286,1286@gmail.com,Java Microservices
1287,1287@gmail.com,Python Data Visualization
1288,1288@gmail.com,Python Data Analysis Pandas
1289,1289@gmail.com,React Node.js MongoDB
1290,1290@gmail.com,C C++ Embedded Systems
1291,1291@gmail.com,Java Spring Boot
1292,1292@gmail.com,SQL Excel Power BI
1293,1293@gmail.com,Python Data Visualization
1294,1294@gmail.com,Python Deep Learning AI
1295,1295@gmail.com,React Node.js MongoDB
1296,1296@gmail.com,Java Spring Boot
1297,1297@gmail.com,Python Data Visualization
1298,1298@gmail.com,Python SQL Machine Learning
1299,1299@gmail.com,SQL Excel Power BI
1300,1300@gmail.com,Python Data Visualization
1301,1301@gmail.com,SQL Excel Power BI
1302,1302@gmail.com,Python SQL Machine Learning
1303,1303@gmail.com,Java Microservices
1304,1304@gmail.com,Python Data Analysis Pandas
1305,1305@gmail.com,C C++ Embedded Systems
1306,1306@gmail.com,HTML CSS JavaScript
1307,1307@gmail.com,Java Microservices
1308,1308@gmail.com,Python Data Visualization
1309,1309@gmail.com,Python SQL Machine Learning
1310,1310@gmail.com,Java Spring Boot
1311,1311@gmail.com,HTML CSS JavaScript
1312,1312@gmail.com,Java Microservices
1313,1313@gmail.com,Java Spring Boot
1314,1314@gmail.com,Python Data Analysis Pandas
1315,1315@gmail.com,React Node.js MongoDB
1316,1316@gmail.com,React Node.js MongoDB
1317,1317@gmail.com,Java Spring Boot
1318,1318@gmail.com,Java Microservices
1319,1319@gmail.com,Python SQL Machine Learning
1320,1320@gmail.com,HTML CSS JavaScript
1321,1321@gmail.com,Python SQL Machine Learning
1322,1322@gmail.com,SQL Excel Power BI
1323,1323@gmail.com,Python Data Analysis Pandas
1324,1324@gmail.com,Python Data Visualization
1325,1325@gmail.com,React Node.js MongoDB
1326,1326@gmail.com,SQL Excel Power BI
1327,1327@gmail.com,Java Spring Boot
1328,1328@gmail.com,SQL Excel Power BI
1329,1329@gmail.com,Python SQL Machine Learning
1330,1330@gmail.com,HTML CSS JavaScript
1331,1331@gmail.com,React Node.js MongoDB
1332,1332@gmail.com,Python SQL Machine Learning
1333,1333@gmail.com,HTML CSS JavaScript
1334,1334@gmail.com,Java Spring Boot
1335,1335@gmail.com,Python SQL Machine Learning
1336,1336@gmail.com,C C++ Embedded Systems
1337,1337@gmail.com,React Node.js MongoDB
1338,1338@gmail.com,Python SQL Machine Learning
1339,1339@gmail.com,SQL Excel Power BI
1340,1340@gmail.com,Java Microservices
1341,1341@gmail.com,React Node.js MongoDB
1342,1342@gmail.com,Java Spring Boot
1343,1343@gmail.com,SQL Excel Power BI
1344,1344@gmail.com,C C++ Embedded Systems
1345,1345@gmail.com,Java Microservices
1346,1346@gmail.com,SQL Excel Power BI
1347,1347@gmail.com,Java Spring Boot
1348,1348@gmail.com,Python Deep Learning AI
1349,1349@gmail.com,React Node.js MongoDB
1350,1350@gmail.com,Python Data Analysis Pandas
1351,1351@gmail.com,HTML CSS JavaScript
1352,1352@gmail.com,React Node.js MongoDB
1353,1353@gmail.com,C C++ Embedded Systems
1354,1354@gmail.com,SQL Excel Power BI
1355,1355@gmail.com,SQL Excel Power BI
1356,1356@gmail.com,Python Data Visualization
1357,1357@gmail.com,Python Data Analysis Pandas
1358,1358@gmail.com,HTML CSS JavaScript
1359,1359@gmail.com,React Node.js MongoDB
1360,1360@gmail.com,Java Microservices
1361,1361@gmail.com,Python SQL Machine Learning
1362,1362@gmail.com,HTML CSS JavaScript
1363,1363@gmail.com,Java Spring Boot
1364,1364@gmail.com,SQL Excel Power BI
1365,1365@gmail.com,Python Data Visualization
1366,1366@gmail.com,HTML CSS JavaScript
1367,1367@gmail.com,C C++ Embedded Systems
1368,1368@gmail.com,Java Microservices
1369,1369@gmail.com,Python SQL Machine Learning
1370,1370@gmail.com,SQL Excel Power BI
1371,1371@gmail.com,HTML CSS JavaScript
1372,1372@gmail.com,Java Spring Boot
1373,1373@gmail.com,Python Data Visualization
1374,1374@gmail.com,Python Data Analysis Pandas
1375,1375@gmail.com,Python Data Visualization
1376,1376@gmail.com,Python Deep Learning AI
1377,1377@gmail.com,HTML CSS JavaScript
1378,1378@gmail.com,Python Deep Learning AI
1379,1379@gmail.com,Python Deep Learning AI
1380,1380@gmail.com,Python Deep Learning AI
1381,1381@gmail.com,SQL Excel Power BI
1382,1382@gmail.com,SQL Excel Power BI
1383,1383@gmail.com,Python Data Visualization
1384,1384@gmail.com,Python SQL Machine Learning
1385,1385@gmail.com,C C++ Embedded Systems
1386,1386@gmail.com,Python Data Analysis Pandas
1387,1387@gmail.com,C C++ Embedded Systems
1388,1388@gmail.com,HTML CSS JavaScript
1389,1389@gmail.com,Java Spring Boot
1390,1390@gmail.com,Java Microservices
1391,1391@gmail.com,Python SQL Machine Learning
1392,1392@gmail.com,C C++ Embedded Systems
1393,1393@gmail.com,Python Data Visualization
1394,1394@gmail.com,SQL Excel Power BI
1395,1395@gmail.com,HTML CSS JavaScript
1396,1396@gmail.com,HTML CSS JavaScript
1397,1397@gmail.com,Python Deep Learning AI
1398,1398@gmail.com,Python Data Visualization
1399,1399@gmail.com,HTML CSS JavaScript
1400,1400@gmail.com,Python SQL Machine Learning
1401,1401@gmail.com,Python Deep Learning AI
1402,1402@gmail.com,Python Deep Learning AI
1403,1403@gmail.com,Java Spring Boot
1404,1404@gmail.com,Python SQL Machine Learning
1405,1405@gmail.com,SQL Excel Power BI
1406,1406@gmail.com,SQL Excel Power BI
1407,1407@gmail.com,SQL Excel Power BI
1408,1408@gmail.com,Python Deep Learning AI
1409,1409@gmail.com,Python Deep Learning AI
1410,1410@gmail.com,Python Deep Learning AI
1411,1411@gmail.com,Python Data Analysis Pandas
1412,1412@gmail.com,Python Data Visualization
1413,1413@gmail.com,Python SQL Machine Learning
1414,1414@gmail.com,Java Microservices
1415,1415@gmail.com,Python SQL Machine Learning
1416,1416@gmail.com,C C++ Embedded Systems
1417,1417@gmail.com,C C++ Embedded Systems
1418,1418@gmail.com,Python Data Analysis Pandas
1419,1419@gmail.com,React Node.js MongoDB
1420,1420@gmail.com,SQL Excel Power BI
1421,1421@gmail.com,HTML CSS JavaScript
1422,1422@gmail.com,Python Data Visualization
1423,1423@gmail.com,Java Spring Boot
1424,1424@gmail.com,Python Deep Learning AI
1425,1425@gmail.com,Java Microservices
1426,1426@gmail.com,React Node.js MongoDB
1427,1427@gmail.com,Python Data Analysis Pandas
1428,1428@gmail.com,HTML CSS JavaScript
1429,1429@gmail.com,C C++ Embedded Systems
1430,1430@gmail.com,Python Data Visualization
1431,1431@gmail.com,HTML CSS JavaScript
1432,1432@gmail.com,HTML CSS JavaScript
1433,1433@gmail.com,Java Spring Boot
1434,1434@gmail.com,Python Data Visualization
1435,1435@gmail.com,React Node.js MongoDB
1436,1436@gmail.com,HTML CSS JavaScript
1437,1437@gmail.com,React Node.js MongoDB
1438,1438@gmail.com,Python Data Visualization
1439,1439@gmail.com,C C++ Embedded Systems
1440,1440@gmail.com,HTML CSS JavaScript
1441,1441@gmail.com,SQL Excel Power BI
1442,1442@gmail.com,SQL Excel Power BI
1443,1443@gmail.com,Python Data Visualization
1444,1444@gmail.com,Python SQL Machine Learning
1445,1445@gmail.com,React Node.js MongoDB
1446,1446@gmail.com,Java Spring Boot
1447,1447@gmail.com,Python Deep Learning AI
1448,1448@gmail.com,C C++ Embedded Systems
1449,1449@gmail.com,Java Microservices
1450,1450@gmail.com,HTML CSS JavaScript
1451,1451@gmail.com,C C++ Embedded Systems
1452,1452@gmail.com,React Node.js MongoDB
1453,1453@gmail.com,SQL Excel Power BI
1454,1454@gmail.com,Python Deep Learning AI
1455,1455@gmail.com,Python Data Visualization
1456,1456@gmail.com,C C++ Embedded Systems
1457,1457@gmail.com,Java Spring Boot
1458,1458@gmail.com,Java Microservices
1459,1459@gmail.com,Java Microservices
1460,1460@gmail.com,Java Spring Boot
1461,1461@gmail.com,React Node.js MongoDB
1462,1462@gmail.com,C C++ Embedded Systems
1463,1463@gmail.com,Python SQL Machine Learning
1464,1464@gmail.com,Python SQL Machine Learning
1465,1465@gmail.com,Java Microservices
1466,1466@gmail.com,Python SQL Machine Learning
1467,1467@gmail.com,Java Spring Boot
1468,1468@gmail.com,Java Spring Boot
1469,1469@gmail.com,C C++ Embedded Systems
1470,1470@gmail.com,SQL Excel Power BI
1471,1471@gmail.com,Python SQL Machine Learning
1472,1472@gmail.com,Python Data Analysis Pandas
1473,1473@gmail.com,Java Spring Boot
1474,1474@gmail.com,Java Spring Boot
1475,1475@gmail.com,C C++ Embedded Systems
1476,1476@gmail.com,SQL Excel Power BI
1477,1477@gmail.com,React Node.js MongoDB
1478,1478@gmail.com,Python Data Visualization
1479,1479@gmail.com,Java Spring Boot
1480,1480@gmail.com,Python Deep Learning AI
1481,1481@gmail.com,Python Deep Learning AI
1482,1482@gmail.com,Python Data Visualization
1483,1483@gmail.com,Java Spring Boot
1484,1484@gmail.com,Python Deep Learning AI
1485,1485@gmail.com,Python Data Visualization
1486,1486@gmail.com,SQL Excel Power BI
1487,1487@gmail.com,Python Deep Learning AI
1488,1488@gmail.com,C C++ Embedded Systems
1489,1489@gmail.com,Python Data Analysis Pandas
1490,1490@gmail.com,SQL Excel Power BI
1491,1491@gmail.com,Java Spring Boot
1492,1492@gmail.com,React Node.js MongoDB
1493,1493@gmail.com,React Node.js MongoDB
1494,1494@gmail.com,React Node.js MongoDB
1495,1495@gmail.com,Python SQL Machine Learning
1496,1496@gmail.com,C C++ Embedded Systems
1497,1497@gmail.com,HTML CSS JavaScript
1498,1498@gmail.com,Java Spring Boot
1499,1499@gmail.com,Java Spring Boot
